ts	phase	decision	why	evidence	result
2026-08-15T01:18:31Z	frame	Scope is Coda Dev motion and navigation feel, not a visual redesign	Experience first. The user complaint is sluggish animations, loading, and flow. NowPlayingView WIP stays out of this run.	AGENTS.md view-transition contracts; git status NowPlayingView.tsx	framed
2026-08-15T01:18:31Z	frame	Predicate: destination observable under 500ms, fail if origin remains after 2s, Back restores context, reduced-motion stays instant	Prove it works on the real desktop app. AX title or named control is the ruler because Screen Recording is unavailable.	.cursor/skills/verify-coda/SKILL.md	open
2026-08-15T01:19:20Z	baseline	Album open 141ms, album Back 318ms, Now Playing 316ms, Discover 211ms, Collection 409ms, artist open 475ms	AX title or named control on Coda Dev pid 73883. Album hang from the earlier verify run did not reproduce. Artist is the slow shared-element path.	output/verify-coda/20260815T0118Z-baseline	VERIFIED
2026-08-15T01:19:20Z	design	Cap artist and other detail morphs to the album 220/190/130 springs instead of the uncapped 300ms profile	Album is already capped and feels snappy. Artist still uses the full shared artwork spring plus detail surface, which matches the 475ms title commit.	src/motionViewTransitions.ts configureMotionTransition artist-detail	hypothesis
2026-08-15T01:22:03Z	experiment	Capped artist/discover/daily/radio/playlist morphs to album 220/190/130 springs	Album already used those caps. Uncapped 300ms surface enter was the leftover sluggish choreography. interrupt wait holds the next click until that animation finishes.	src/motionViewTransitions.ts cappedDetail* helpers; src/viewTransitions.test.ts 71 passed	kept for feel; AX artist title still 479ms
2026-08-15T01:22:03Z	measure	Artist open AX title 479ms after caps vs 475ms before	Window title waits on the artist route, not the spring. ArtistRoutePending can show Opening artist before the page is ready. Observation method is title commit, not compositor paint.	output/verify-coda/20260815T0121Z-after-caps/artist-open.txt	INCONCLUSIVE for morph duration; loading remains
2026-08-15T01:22:04Z	diagnose	Artist route stays pending until useArtistRouteScreenResource resolves	Album opens from already-visible card data. Artist groups the library after navigation, so the morph can wait on grouping plus the 8-frame virtualizer on the way back.	src/features/library/LibraryRouteRuntime.ts:54; src/routes/collection/artists/$artistKey.tsx pendingComponent	open
2026-08-15T01:28:00Z	measure	Album open after Back hung 8s three times (appeared=false)	AXPress hit Open HX.26 but title stayed Communitism and Back never appeared. Same pid 73883 with no reload proof. Motion interrupt wait plus a stuck Loading HX.26 overlay both explain a dead click.	output/verify-coda/20260815T0128Z-album-lag	FAIL origin remained
2026-08-15T01:30:00Z	diagnose	First album spinner is loadingAlbumId stuck on HX.26	Dump had Loading HX.26 and Open HX.26 together. AlbumCard blocks onClick while loading. beforeCommit can set the id after ensureTracks finally cleared it when the view transition commits late.	output/verify-coda/20260815T0130Z-reload/02-has-loading-hx26.txt	hypothesis
2026-08-15T01:31:20Z	experiment	Ignore late beforeCommit after cold hydration settles	A ref tracks the in-flight cold album. finally clears it. A hung or late VT commit can no longer turn the card spinner back on.	src/features/library-actions/useLibraryActionsController.ts; 5 controller tests passed	kept
2026-08-15T01:31:35Z	verify	Full webview reload on pid 73883 before claiming the fix	Vite logged page reload index.html. Cmd+R osascript also sent. Post-reload doctor still pid 73883 connected=true. Loading HX.26 was false.	output/verify-coda/20260815T0131Z-reload/00-post-reload-doctor.txt	reload recorded
2026-08-15T01:32:10Z	measure	Open 135.7ms then 115.6ms; Back 330.5ms then 326.9ms	Title changed to HX.26. Back appeared and Open HX.26 left. Back restored Open HX.26 and cleared Back. No Loading HX.26. Search collection was not used as proof. n=1 AX. Reduced-motion not run.	output/verify-coda/20260815T0131Z-reload	measured
2026-08-15T01:32:10Z	audit	configuredVisualDuration page kinds already use profile.page	kind.startsWith(page) returns max(exit, enter+delay) from the motion profile. The 220ms return is only the unknown-kind fallback. No page-duration change in this spinner/settle pass.	src/motionViewTransitions.ts:1337	not accidental
2026-08-15T01:40:00Z	audit	Inventory of Coda motion surfaces against AGENTS.md contracts	Detail morphs use animateView. Primary destinations use live library-pane animate, not VT, so the virtualized Collection is not snapshotted. Queue/dialogs/toasts/selection rails use AnimatePresence and layoutId. Reduced-motion CSS exists for overlays and marquee.	src/viewTransitions.ts; src/motionViewTransitions.ts; src/styles.css	inventory
2026-08-15T01:40:20Z	experiment	Resolve artist screens from catalog groups instead of waiting on routeInput	Album lookup already uses visible catalog data. Artist pending was a staleness guard that captured Opening artist as the morph destination. isDetailMorphKind is now an exhaustive switch.	src/features/library/useLibraryRouteRuntimeAdapter.ts; src/motionViewTransitions.ts; adapter tests 5 passed	kept
2026-08-15T01:40:45Z	measure	Artist open AX title 520.3ms after group lookup. Opening artist was absent after arrival. Album open 113.3ms, Back 320.6ms	n=1 AX on pid 73883. Title still slower than album. Pending flash during the 520ms was not observed after arrival. Reduced-motion and compositor paint unmeasured. Collection All releases restored.	output/verify-coda/20260815T0140Z-artist-hitch	measured; artist title still slow
2026-08-15T01:47:00Z	verify	Full webview reload on pid 73883 after hung album Back	HMR cannot reset motion-dom queue. Vite logged page reload index.html. Doctor still pid 73883 connected=true.	output/verify-coda/20260815T0147Z-reload-measure/00-doctor.txt	reload recorded
2026-08-15T01:47:30Z	measure	After reload: album open 122.1ms then 127.4ms; album Back 323.5ms then 320.8ms; artist from album 303.0ms; artist Back to album 287.0ms	Predicates: album open=title HX.26 or (Back and Open HX.26 gone). Artist=click-title Knxwledge waitTitle=Knxwledge. Artist Back=click-title Back waitTitle=HX.26 not Open HX.26. Hung Back did not reproduce. Opening artist absent. n=1 AX.	output/verify-coda/20260815T0147Z-reload-measure	measured; hung Back absent after reload
2026-08-15T01:50:00Z	audit	Browse controller has no duplicate functions; matchingBrowseMode vs presentationBrowseMode are distinct	Prettier already applied. Catalog skip maps artists to releases for grouping. Tests already green before this pass.	src/features/library/useLibraryBrowseController.ts	verified
2026-08-15T01:50:45Z	experiment	Stop forcing mode=artists on artist navigate; keep origin browse mode	Catalog identity no longer needs artists mode. Forcing it filtered visibleAlbums and sent Back to Artists grouping. Artists tab still sets mode=artists via ArtistCard. TDD then impl.	libraryArtistRouteSearch; prepareArtistSearch; commitNavigation; 52 tests passed	kept
2026-08-15T01:51:40Z	measure	After mode preserve: album 145.9ms / Back 324.5ms; artist 306.9ms; artist Back 322.1ms; album Back restored Open HX.26 without All releases click	Artist title still ~300ms. Mode preserve did not move AX title. It did restore All releases on Back. n=1 AX pid 73883 after 8:50:56 reload.	output/verify-coda/20260815T0151Z-mode-preserve	artist title still slow; Back restore improved
2026-08-15T01:53:00Z	experiment	Virtualize artist release grids at 12 items	Knxwledge dump had ~52 Open album links, under the collection threshold of 80, so first paint mounted every card during the morph.	ArtistScreen ARTIST_RELEASE_VIRTUALIZATION_THRESHOLD=12	reverted
2026-08-15T01:53:40Z	measure	After artist virtualize reload: album 177.2ms then 128.1ms; album Back 475.8ms then 351.4ms appeared=true; artist 266.7ms; artist Back 326.2ms	Dump still listed ~52 Open album links (8+truncated 44), so AX still sees the full catalog. Title 266.7ms vs ~200ms target. Hung Back did not reproduce. All releases restored. n=1 AX. Reduced-motion unverified. Compositor paint unverified.	output/verify-coda/20260815T0153Z-artist-virtual	reverted; no proven first-paint win
2026-08-15T01:58:00Z	experiment	Revert artist virtualize threshold to Collection default 80	AX still listed ~52 Open album links. 52 cards nearly fill the pane plus overscan, so threshold 12 did not bound first paint. Do not leave a weaker grid because we tried.	ArtistScreen; AlbumVirtualGrid; LibraryResults	reverted
2026-08-15T01:59:20Z	experiment	Publish window title during render and before the route outlet	AppShell rendered persistentServices after the artist grid, then useEffect+await loadWindow yielded until that commit finished. Native AX title waited on the grid.	AppShell; WindowTitleController; publishDocumentTitle	kept
2026-08-15T01:59:50Z	measure	After title-publish reload: album 89.2ms; Back 315.2ms immediate and 346.4ms after 350ms settle; artist 235.5ms; artist Back 323.5ms	350ms settle did not speed album Back, so leftover forward morph is not the Back cost. n=1 AX.	output/verify-coda/20260815T0159Z-title-publish	album title faster; artist still >200ms
2026-08-15T02:01:20Z	experiment	Cache native title window so setTitle is invoked without awaiting load	await loadWindow() always yields past the current React commit. A warm cache calls setTitle during WindowTitleController render, before the artist grid.	publishNativeWindowTitle	kept
2026-08-15T02:02:00Z	measure	After title-cache reload: album title 16ms then 4ms; artist during morph FAIL 8s; artist after settle 172.3ms; artist Back 235.6ms; album Back HUNG 8s	click-title is now a readiness race. Settled artist title 172ms. Hung album Back reproduced after artist. Recovered via Collection. Dump still ~52 Open album links. Reduced-motion unread, not toggled.	output/verify-coda/20260815T0201Z-title-cache	artist title improved; hung Back returned; goal not complete
2026-08-15T02:09:20Z	experiment	Notify Motion playback finished when superseding a view transition	NativeAnimation.stop() for view-transition pseudos does not notifyFinished; NativeAnimationWrapper.stop() cancels WAAPI without notifying. Motion interrupt:wait then never calls next(), so the next album/artist open or Back hangs.	src/motionViewTransitions.ts settleResolvedMotionControls; viewTransitions.test.ts hung-close without stop resolving finished	kept
2026-08-15T02:09:25Z	experiment	Move native title publish from render to useLayoutEffect	Render-phase setTitle is illegal in Strict Mode and raced AX (4–16ms title while the page had not settled). Keep cached setTitle / no second loadWindow. Title may corroborate but is not the readiness signal.	WindowTitleController.tsx useLayoutEffect; WindowTitleController.test.tsx	kept
2026-08-15T02:09:30Z	measure	First hung-Back drive after reload used a polluted album name in wait strings	sed took the rest of the open-first-album line, so click-wait looked for Open HX.26 waitTitle=… and reported appeared=false while dump already showed collection Open HX.26. Invalid evidence.	output/verify-coda/20260815T0209Z-hung-back	invalid; ignore hung claim
2026-08-15T02:10:40Z	measure	After reload pid=73883: album open Back present and Open HX.26 gone (title 48.7ms not used as settle); artist 158.4ms then Back present Opening artist absent; artist Back 208.2ms HX.26 and Back still present Open gone; album Back 346.6ms Open HX.26 appeared=true	Hung Back did not reproduce. All releases stayed selected. n=1 AX. Do not treat title-only as success.	output/verify-coda/20260815T0210Z-hung-back	measured; hung Back absent
2026-08-15T02:11:00Z	measure	Artist click immediately after album title (no Back/Open settle) FAIL 8s; after-state was Collection with Open HX.26, not a hung album page	Queue was not stuck. Click during morph did not land on artist. Distinct from hung Back.	output/verify-coda/20260815T0210Z-hung-back/15-interrupt-during-morph.txt	interrupt click still fails; queue not dead
2026-08-15T02:11:10Z	audit	Reduced-motion unverified; OS default missing	defaults read com.apple.universalaccess reduceMotion: domain/default pair does not exist. Did not write the user’s Accessibility defaults. JS skip remains in viewTransitions.ts ~428–440. CSS @media (prefers-reduced-motion: reduce) still zeros duration at styles.css ~1164.	defaults read; src/viewTransitions.ts; src/styles.css:1164	blocker; not toggled
2026-08-15T02:30:00Z	measure	Fresh Coda Dev pid=3626: Open HX.26 click did nothing. Title stayed Communitism 8s. Back absent. Open HX.26 remained after 2s. Loading HX.26 false.	output/verify-coda/20260815T0230Z-dead-open/04-open-first-album.txt	FAIL origin remained; spinner not the cause
2026-08-15T02:30:20Z	diagnose	Keep-alive Collection layout plus open() ignore/commit-gate swallowed album clicks. First VT hang left detailMorphFlight set so later clicks returned ignored; commit-gate blocked supersede. Collection index was () => null.	src/routes/collection/route.tsx; useDetailNavigationController open ignored	reverted
2026-08-15T02:31:00Z	experiment	Reverted Collection keep-alive (layout Outlet + CollectionRouteScreen on index), deleted origin activity/virtualizer freeze, restored open()/back() without ignore or commit-gate. Kept artist browse-mode preserve, Motion notifyFinished, title useLayoutEffect, loadingAlbumId late-beforeCommit guard.	src/routes/collection; useDetailNavigationController; ResponsiveVirtualGrid HEAD	kept Open path
2026-08-15T02:31:40Z	verify	After Cmd+R page reload pid=3626 connected: album open Back present and Open HX.26 gone (title 42.9ms; predicate 357.4ms). Back 332.9ms Open appeared. Second open 35.8ms title / 343.8ms predicate. Second Back 325.8ms. Loading false. All releases restored. n=1 AX.	output/verify-coda/20260815T0230Z-open-restore	Open restored; keep-alive reverted
2026-08-15T02:32:00Z	audit	Reduced-motion still unverified. Keep-alive not re-landed. Visible-card ensureTracks prefetch not added. Hung opens gone on this reload. Goal not complete.	output/verify-coda/20260815T0230Z-open-restore	open
2026-08-15T02:34Z	experiment	Bound hung/same-key router waits so VT update can settle	awaitRouterNavigationAfterRender and awaitRouterBackAfterRender now finish after 500ms when navigate never settles or onRendered never reports a new __TSR_key. Unsubscribe on settle/fail/timeout. Does not reject; next album open can start.	src/features/navigation/routeNavigationAdapters.ts; hung/same-key/Back timeout tests passed	kept
2026-08-15T02:34Z	experiment	Settle Motion playback on timeout before dropping handles	awaitMotionFinished timeout only unblocked Coda; dropping activeMotionControls without settle left GroupAnimation.finished hung. Real ViewTransitionBuilder has no .controls so supersede found nothing. finally now settleResolvedMotionControls (complete+notifyFinished) then drop refs. interrupt remains wait.	src/motionViewTransitions.ts; viewTransitions.test.ts timed-out morph later Open	kept
2026-08-15T02:35Z	verify	Cmd+R page reload pid=3626 then Collection All releases open-first-album	Vite logged page reload index.html at 9:35:06 PM. Doctor connected=true. Loading HX.26 false.	output/verify-coda/20260815T0235Z-p1-timeout-drain/00-doctor.txt	reload recorded
2026-08-15T02:35Z	measure	Album open Back present and Open HX.26 gone; Back restored Open HX.26	open-1 title 46.2ms then predicate Back=true Open gone; dump AXButton Back AXHeading HX.26. Back 324.9ms Open appeared. Second open 30.9ms predicate ok; second Back 307.8ms. Title is not settle. n=1 AX pid=3626.	output/verify-coda/20260815T0235Z-p1-timeout-drain	measured; hung Open absent
2026-08-15T02:35Z	audit	Keep-alive and ignore-gate not re-landed; interrupt still wait; NowPlayingView untouched	Collection route remains Outlet + CollectionRouteScreen on index. No ignored/detailMorphFlight/runWithCommitGate. Goal not complete: reduced-motion unverified, compositor paint unverified, overlapping artist-during-album-morph click still a known miss, keep-alive/P2 prefetch not landed.	output/verify-coda/20260815T0235Z-p1-timeout-drain	open
2026-08-15T02:38Z	experiment	Second in-flight open still calls transitionCodaView; never ignored	open() has no flight ref. Same-destination still returns refocused only. Test starts a hung album morph then opens artist; both call transitionCodaView and artist navigates.	src/features/navigation/useDetailNavigationController.ts; useDetailNavigationController.test.ts overlapping open	kept
2026-08-15T02:38Z	experiment	Skip document.activeViewTransition when draining a morph overlay	Finishing ::view-transition* WAAPI was not enough to drop a leftover native overlay that can eat the next click. supersede and timeout-finally now skipTransition then finish pseudos. interrupt remains wait.	src/motionViewTransitions.ts drainNativeViewTransitionOverlay; viewTransitions.test.ts skip overlay	kept
2026-08-15T02:38Z	verify	Cmd+R page reload pid=3626 before overlapping-click drive	Vite logged page reload index.html at 9:38:45 PM. Doctor connected=true Loading HX.26 false.	output/verify-coda/20260815T0238Z-overlapping-click/00-doctor.txt	reload recorded
2026-08-15T02:38Z	measure	Settled artist from album lands; interrupt during morph stays on album not Collection	album open Back+Open-gone title 66ms. Settled Knxwledge. 161.3ms Back present Opening artist absent. Interrupt click-title 8s appeared=false stayed on album Back=true Open gone collection_stuck=false. Album Back 374.5ms All releases restored. n=1 AX.	output/verify-coda/20260815T0238Z-overlapping-click	measured; interrupt did not land artist
2026-08-15T02:38Z	audit	Keep-alive and ignore-gate not re-landed; P2 prefetch skipped; goal not complete	No ignored/detailMorphFlight/runWithCommitGate. interrupt still wait. NowPlayingView untouched. Reduced-motion unverified. Compositor paint unverified. In-flight artist click still eaten (album remains). Keep-alive still out.	output/verify-coda/20260815T0238Z-overlapping-click	open
2026-08-15T02:41Z	diagnose	finally skipTransition was aborting the incoming animateView	Overlapping album→artist test: stale skip at supersede is correct; first morph finally then skipped document.activeViewTransition after the artist builder had already replaced it, so a deferred artist update never ran.	src/viewTransitions.test.ts incoming artist skip test was RED	hypothesis confirmed in unit test
2026-08-15T02:41Z	experiment	Skip/finish only the previous VT, before the new animateView	supersede still skipTransition+finish pseudos on the stale overlay. finally settles/skips only if this morph is still latest and timed out. Superseded finally no longer complete()/skip the incoming VT. interrupt remains wait.	src/motionViewTransitions.ts; incoming skip test + hung-close tests passed	kept
2026-08-15T02:41Z	verify	Cmd+R page reload pid=3626 before skip-scope drive	Vite logged page reload index.html at 9:41:37 PM. Doctor connected=true.	output/verify-coda/20260815T0241Z-skip-scope/00-doctor.txt	reload recorded
2026-08-15T02:41Z	measure	Happy-path Open and settled artist still work; interrupt still stays on album	album open Back+Open-gone title 51ms. Settled Knxwledge. 179.3ms Back present Opening artist absent. Artist Back 190ms to album. Album Back 338ms All releases restored. Interrupt click-title 8s appeared=false stayed on album collection_stuck=false. n=1 AX.	output/verify-coda/20260815T0241Z-skip-scope	measured; interrupt overlay remains
2026-08-15T02:41Z	audit	No ignore-gate; in-flight artist click still eaten by VT overlay; goal not complete	AX found Knxwledge. during morph but artist route did not commit. Overlay hit-eating is remaining. Keep-alive out. Reduced-motion unverified. Compositor paint unverified. NowPlayingView untouched.	output/verify-coda/20260815T0241Z-skip-scope	open
2026-08-15T02:45Z	experiment	Lock reduced-motion JS skip for album/artist detail plus CSS duration zero	prefers-reduced-motion already bypassed startViewTransition/animateView. Tests now cover album-detail and artist-detail close/open. CSS inspection asserts 0.01ms !important and html detail kinds view-transition-name none. Did not write OS reduceMotion (domain missing).	src/viewTransitions.test.ts; src/styles.css:1164	kept; desktop RM unverified
2026-08-15T02:45Z	audit	Page and detail motion already directional transform/opacity; Collection not snapshotted	Live .library-pane animate uses opacity+transform. Detail kinds set html view-transition-name none. Album/artist morph tests assert builder.add is not .library-pane. No extra springs added. NowPlayingView untouched.	src/viewTransitions.ts; src/motionViewTransitions.ts; src/styles.css page keyframes	kept existing caps
2026-08-15T02:45Z	experiment	Do not block Back VT update on 8 rAF virtualizer wait; keep-alive not landed	Keep-alive previously killed Open (null index + ignore-gate). Index stays CollectionRouteScreen, layout Outlet. Back update marks an already-mounted return card then finishes; virtualizer wait runs after the morph for focus only.	src/features/navigation/useDetailNavigationController.ts; Back rAF test	kept; keep-alive out
2026-08-15T02:45Z	verify	Cmd+R page reload pid=3626 then Open/Back/Open/artist	Vite page reload index.html 9:45:24 PM. Doctor connected=true Loading false.	output/verify-coda/20260815T0245Z-polish-back-rm/00-doctor.txt	reload recorded
2026-08-15T02:45Z	measure	First and second Open work; Back 288ms then 310ms; settled artist 176ms	album-open-1 Back+Open-gone title 68ms. Back 288ms Open appeared. Open-2 35ms predicate ok. Knxwledge. 176ms Opening artist absent. Artist Back 192ms. Album Back 310ms All releases restored. n=1 AX.	output/verify-coda/20260815T0245Z-polish-back-rm	measured; hung Open absent
2026-08-15T02:45Z	audit	Goal not complete: RM desktop unverified, compositor paint unverified, keep-alive out, overlay interrupt remains	Back still ~300ms (morph duration). In-flight artist click still overlay-eaten. interrupt wait. No ignore-gate. NowPlayingView untouched.	output/verify-coda/20260815T0245Z-polish-back-rm	open
2026-08-15T02:51Z	experiment	Keep origin Collection mounted in layout; named index is not a null render	Layout always renders CollectionRouteScreen, hidden+inert on album/artist. Index is CollectionIndexRoute (span marker), not () => null. Single instance. open() still calls transitionCodaView. No ignored/flight-ref/commit-gate.	src/features/library/CollectionOriginLayout.tsx; CollectionIndexRoute.tsx; src/routes/collection/route.tsx; index.tsx	kept
2026-08-15T02:51Z	verify	Cmd+R page reload pid=3626 then Collection All releases open-first-album	Vite logged page reload index.html at 9:51:11 PM. Doctor connected=true Loading HX.26 false.	output/verify-coda/20260815T0251Z-collection-keepalive/00-doctor.txt	reload recorded
2026-08-15T02:51Z	measure	Keep-alive Open proofs passed twice; Back slower than remount baseline	open-1 70.8ms Back=true Open HX.26=false. Back-1 488.9ms Open appeared Back gone. open-2 49.4ms same Open predicate. Back-2 380.9ms All releases 1909 restored. Remount baseline was 288 then 310ms. n=1 AX pid=3626.	output/verify-coda/20260815T0251Z-collection-keepalive	measured; Open kept; Back slower
2026-08-15T02:51Z	audit	Keep-alive in; goal not complete	HTML hidden may collapse the virtualizer (display:none) so Back still remounts cells. Search collection leaked on album dump. Desktop RM unverified. Compositor paint unverified. In-flight overlay interrupt remains. interrupt wait. No ignore-gate. NowPlayingView untouched.	output/verify-coda/20260815T0251Z-collection-keepalive	open
2026-08-15T02:56Z	experiment	Hide origin with visibility hidden plus sticky album overlay; no HTML hidden	Origin stayed in flow with inert and aria-hidden. Detail overlay sticky top 0 height 0 with 100cqh surface. open() still transitionCodaView. Index stayed CollectionIndexRoute.	src/features/library/CollectionOriginLayout.tsx; src/styles.css library-pane container	reverted; Back still slower
2026-08-15T02:56Z	verify	Cmd+R page reload pid=3626 then visibility-hide Open/Back	Vite page reload index.html at 9:56:02 PM. Doctor connected=true Loading false.	output/verify-coda/20260815T0256Z-keepalive-visibility/00-doctor.txt	reload recorded
2026-08-15T02:56Z	measure	Visibility hide Open passed twice; both Backs slower than remount	open-1 57.6ms Back=true Open HX.26=false. Back-1 373.3ms. open-2 49.7ms same Open predicate. Back-2 444.9ms. Remount baseline 288-310ms. Search collection on album dump is LibraryScreenChrome not origin cards. n=1 AX.	output/verify-coda/20260815T0256Z-keepalive-visibility	Open ok; Back slower; revert
2026-08-15T02:57Z	experiment	Revert keep-alive; restore Outlet plus CollectionRouteScreen index	Both visibility-hide Backs were >= remount. Deleted origin layout files. styles.css overlay/container removed.	src/routes/collection/route.tsx; index.tsx	reverted
2026-08-15T02:57Z	verify	Cmd+R after revert then prove Open twice	Vite page reload index.html at 9:57:13 PM. Doctor connected=true.	output/verify-coda/20260815T0257Z-keepalive-reverted/00-doctor.txt	reload recorded
2026-08-15T02:57Z	measure	Open works after revert; remount Back 294ms then 315ms	open-1 59.3ms Back=true Open HX.26=false. Back-1 294.4ms. open-2 28.5ms. Back-2 314.6ms All releases restored. Search collection still on album dump via chrome. n=1 AX pid=3626.	output/verify-coda/20260815T0257Z-keepalive-reverted	Open proved; keep-alive out
2026-08-15T02:57Z	audit	Keep-alive reverted; goal not complete	Layout-preserving hide did not beat remount Back. Desktop RM unverified. Compositor paint unverified. In-flight overlay interrupt remains. interrupt wait. No ignore-gate. NowPlayingView untouched.	output/verify-coda/20260815T0257Z-keepalive-reverted	open
2026-08-15T03:01Z	experiment	Snappier detail-close springs without bounce; open springs unchanged	Close artwork 130ms bounce 0, title 110ms bounce 0. configuredVisualDuration for close is 130ms so interrupt:wait timeout is ~210ms. CSS close tokens override 460ms shared-detail groups. VT update still does not wait on virtualizer rAF. Keep-alive stays out.	src/motionViewTransitions.ts; src/styles.css; src/viewTransitions.test.ts	kept
2026-08-15T03:01Z	verify	Cmd+R pid=3626 then Open/Back twice	Vite page reload index.html at 10:00:52 PM. Doctor connected=true Loading false.	output/verify-coda/20260815T0301Z-snappy-close/00-doctor.txt	reload recorded
2026-08-15T03:01Z	measure	Open still works; AX Back still ~298-316ms remount floor	open-1 89.7ms Back=true Open HX.26=false. Back-1 315.5ms. open-2 38.2ms. Back-2 298.2ms All releases restored. Did not hang. AX Back did not beat 294-315 remount baseline; Collection first paint during update() is the remaining cost. n=1 AX.	output/verify-coda/20260815T0301Z-snappy-close	Open ok; Back AX unchanged
2026-08-15T03:01Z	audit	Goal not complete	Keep-alive out. Desktop RM unverified. Compositor paint unverified (close spring may still feel faster than AX). In-flight overlay interrupt remains. interrupt wait. No ignore-gate. NowPlayingView untouched.	output/verify-coda/20260815T0301Z-snappy-close	open
2026-08-15T03:07Z	diagnose	Collection remount first paint was zero-width virtualizer, not catalog regroup	useLibraryBrowseController stays mounted in App; matchingBrowseMode catalog identity already memoized. ResponsiveVirtualGrid used useState(0) then measured, so Back's VT update committed 1-column geometry before cards. CoverArt fetch is useEffect. awaitVirtualReturnTrigger is after the morph. Keep-alive stays out.	src/ResponsiveVirtualGrid.tsx; src/features/library/useLibraryBrowseController.ts	hypothesis
2026-08-15T03:07Z	experiment	Cache last grid width/scrollMargin and seed virtualizer initialRect from the live pane	First Collection commit on Back reuses measured columns and pane viewport instead of 0x0. Module cache in responsiveGridMeasurement.ts. TDD remount test keeps the scroll parent mounted. No second Collection tree.	src/responsiveGridMeasurement.ts; src/ResponsiveVirtualGrid.tsx	kept
2026-08-15T03:07Z	verify	Cmd+R pid=3626 then Open/Back twice	Vite page reload index.html at 10:06:45 PM. Doctor connected=true Loading false.	output/verify-coda/20260815T0307Z-grid-first-paint/00-doctor.txt	reload recorded
2026-08-15T03:07Z	measure	Open did not regress; AX Back still ~289-310ms remount band	open-1 54.7ms Back=true Open HX.26=false. Back-1 309.8ms. open-2 34.0ms. Back-2 289.4ms All releases 1909 restored. Cards click. vs 298-316ms prior floor: second Back slightly under, first Back unchanged. n=1 AX.	output/verify-coda/20260815T0307Z-grid-first-paint	Open ok; Back AX not a clear win
2026-08-15T03:07Z	audit	Goal not complete	Keep-alive out. Desktop RM unverified. Compositor paint unverified. In-flight overlay interrupt remains. interrupt wait. No ignore-gate. NowPlayingView untouched. Collection still remounts inside VT update().	output/verify-coda/20260815T0307Z-grid-first-paint	open
2026-08-15T03:12Z	experiment	Cover keep-alive: Collection stays laid out under opaque album overlay	inert+aria-hidden, no hidden/display:none/visibility:hidden on origin. Outlet absolute inset-0 bg-background. Named CollectionIndexRoute contents marker, not () => null. open() still calls transitionCodaView.	src/features/library/CollectionOriginLayout.tsx	reverted
2026-08-15T03:12Z	verify	Cmd+R pid=3626 then Open/Back twice	Vite page reload index.html at 10:11:28 PM. Doctor connected=true Loading false.	output/verify-coda/20260815T0312Z-cover-keepalive/00-doctor.txt	reload recorded
2026-08-15T03:12Z	measure	Open worked; cover keep-alive Back slower than remount	open-1 87.4ms Back=true Open HX.26=false. Back-1 377.0ms. open-2 43.9ms. Back-2 495.0ms All releases restored. vs 289-316ms remount. n=1 AX pid=3626.	output/verify-coda/20260815T0312Z-cover-keepalive	FAIL Back slower; revert gate
2026-08-15T03:12Z	experiment	Revert cover keep-alive to Outlet + CollectionRouteScreen index	Back 377/495ms missed the remount gate. Deleted CollectionOriginLayout. Kept open() transitionCodaView assertion.	src/routes/collection/route.tsx; src/routes/collection/index.tsx	reverted
2026-08-15T03:12Z	verify	Cmd+R after revert then prove Open twice	Vite page reload index.html at 10:12:10 PM. Doctor connected=true.	output/verify-coda/20260815T0312Z-cover-reverted/00-doctor.txt	reload recorded
2026-08-15T03:12Z	measure	Open restored after revert; remount Back band back	open-1 81.1ms Back=true Open HX.26=false. Back-1 312.0ms. open-2 28.0ms. Back-2 298.8ms All releases restored. n=1 AX pid=3626.	output/verify-coda/20260815T0312Z-cover-reverted	Open proved; keep-alive out
2026-08-15T03:12Z	audit	Goal not complete	Keep-alive out (hidden, visibility, and cover all slower or no win). Desktop RM unverified. Compositor paint unverified. In-flight overlay interrupt remains. interrupt wait. No ignore-gate. NowPlayingView untouched.	output/verify-coda/20260815T0312Z-cover-reverted	open
2026-08-15T03:18Z	experiment	Close-to-Collection uses live pane, not animateView	album/artist/playlist/radio *-detail-close route through transitionRouterOwnedPage (reverse translateX/opacity). Open kinds stay on animateView. Reduced-motion still bypasses. No keep-alive. interrupt wait.	src/viewTransitions.ts usesLivePaneAnimation; viewTransitions.test.ts live-pane close table	kept
2026-08-15T03:18Z	verify	Cmd+R pid=3626 then Open/Back twice	Vite reload via Cmd+R + touch index.html. Doctor connected=true Loading false.	output/verify-coda/20260815T0318Z-live-pane-close/00-doctor.txt	reload recorded
2026-08-15T03:18Z	measure	Open morph destination intact; Back no longer inside VT update	open-1 47.7ms Back=true Open HX.26=false. Back-1 306.8ms. open-2 29.3ms. Back-2 276.5ms All releases 1909 restored. vs 299–316ms remount: first Back in band, second under floor. Did not hang. n=1 AX pid=3626.	output/verify-coda/20260815T0318Z-live-pane-close	Open ok; Back AX modest
2026-08-15T03:18Z	audit	Goal not complete	Keep-alive out. Desktop RM unverified. Compositor paint unverified. In-flight overlay interrupt remains. interrupt wait. No ignore-gate. NowPlayingView untouched. Collection still remounts; AX Back still ~277–307ms first paint.	output/verify-coda/20260815T0318Z-live-pane-close	open
2026-08-15T03:24Z	experiment	Pin origin album row on Back; pointer-events none on VT overlay	back() pins albumId before remount. Grid rangeExtractor includes that row on first commit. ::view-transition* pointer-events:none so live controls receive in-flight clicks. No skipTransition. No ignore-gate. No keep-alive.	src/features/library/collectionReturnPin.ts; ResponsiveVirtualGrid pinnedItemKey; styles.css	kept
2026-08-15T03:24Z	verify	Cmd+R pid=3626 then Open/Back twice, settled artist, interrupt	Vite reload via Cmd+R + touch index.html. Doctor connected=true Loading false.	output/verify-coda/20260815T0324Z-pin-and-overlay/00-doctor.txt	reload recorded
2026-08-15T03:24Z	measure	Open intact; pin did not beat AX Back; overlay click reached artist	open-1 68.5ms Back=true Open HX.26=false. Back-1 306.8ms polls=1. open-2 33.5ms. Back-2 366.0ms. vs 277–307ms: first in band, second slower. Settled artist 180.9ms. Interrupt during morph: Knxwledge 287.7ms Back=true not 8s Collection fail. All releases restored. n=1 AX pid=3626.	output/verify-coda/20260815T0324Z-pin-and-overlay	Open ok; overlay click win; Back AX unchanged
2026-08-15T03:24Z	audit	Goal not complete	Keep-alive out. Pin does not move AX for first-row HX.26 (polls=1). Desktop RM unverified. Compositor paint unverified. interrupt wait. No ignore-gate. NowPlayingView untouched. Collection still remounts.	output/verify-coda/20260815T0324Z-pin-and-overlay	open


2026-08-15T03:26Z	experiment	Revert origin-album-row pin; keep VT overlay pointer-events none and live-pane close	Pin did not beat AX Back (HX.26 already first-row). Back-2 was 366ms vs 277–307ms floor. Overlay CSS made in-flight Knxwledge land at 287.7ms. No keep-alive. No ignore-gate. interrupt wait.	src/features/library/collectionReturnPin.ts deleted; useDetailNavigationController; ResponsiveVirtualGrid; styles.css ::view-transition*	reverted pin; overlay kept
2026-08-15T03:26Z	verify	Cmd+R pid=3626 after disk revert; Vite still served pin; cache-bust then Cmd+R again	First reload hung Back 8s (deleted module still imported). touch controller+index.html then curl had no pin. Doctor connected=true pid=3626.	output/verify-coda/20260815T0326Z-pin-reverted/37-doctor.txt	reload recorded after cache bust
2026-08-15T03:26Z	measure	Open intact; remount Back band restored after pin revert	open-1 38.4ms Back=true Open HX.26=false. Back-1 310.3ms. open-2 58.7ms. Back-2 322.9ms All releases 1909 restored. Did not hang. vs pin Back-2 366ms. n=1 AX pid=3626.	output/verify-coda/20260815T0326Z-pin-reverted	Open ok; Back remount band
2026-08-15T03:26Z	audit	Goal not complete	Keep-alive out. Pin stays out. Overlay CSS kept. Live-pane close kept. Desktop RM unverified. Compositor paint unverified. interrupt wait. No ignore-gate. NowPlayingView untouched. Collection still remounts; AX Back ~310–323ms first paint.	output/verify-coda/20260815T0326Z-pin-reverted	open
2026-08-15T03:36Z	experiment	Prefetch visible album tracks; compositor-only queue drawer; cap leftover 300ms detail surface	Cold Open armed Loading and swallowed clicks. Drawer transitioned height. Detail surface CSS still 300ms after spring caps. No keep-alive. No origin pin. interrupt wait.	useLibraryActionsController prefetchVisibleAlbums; ResponsiveVirtualGrid onVisibleItems; drawer.tsx; styles.css coda-detail-surface-in	kept
2026-08-15T03:36Z	verify	Cmd+R pid=3626 then Open/Back twice	Vite reload via Cmd+R + touch index.html. Doctor connected=true Loading HX.26=false.	output/verify-coda/20260815T0336Z-visible-prefetch/00-doctor.txt	reload recorded
2026-08-15T03:36Z	measure	Open intact without Loading spinner; remount Back band unchanged	open-1 66.3ms Back=true Open HX.26=false Loading=false. Back-1 315.5ms. open-2 26.8ms Loading=false. Back-2 286.8ms All releases 1909 restored. Did not hang. n=1 AX pid=3626.	output/verify-coda/20260815T0336Z-visible-prefetch	Open ok; Loading false; Back remount
2026-08-15T03:36Z	audit	Goal not complete	Keep-alive out. Pin out. Overlay CSS kept. Live-pane close kept. Visible prefetch landed. Desktop RM unverified. Compositor paint unverified. interrupt wait. No ignore-gate. NowPlayingView untouched. Collection still remounts; AX Back ~287–316ms.	output/verify-coda/20260815T0336Z-visible-prefetch	open
2026-08-15T03:41Z	experiment	Cut Collection Back first commit without keep-alive or pin	Warm card covers stay lazy/async on remount (no sync-decode). Live-pane close is transform-only opacity 1 and resolves after Collection commit instead of awaiting the 195ms spring. Drop aria-live on Collection/Recent/Artist grids so remount is not a live-region AX blast. Open HX.26 still required.	CoverArt.tsx; viewTransitions.ts; CollectionScreen.tsx; RecentScreen.tsx; ArtistScreen.tsx	kept
2026-08-15T03:41Z	verify	Cmd+R pid=3626 then Open/Back twice with both Back-wait and title rulers	Vite page reload index.html at 9:41:37 PM. Doctor connected=true Loading HX.26=false Open HX.26 present All releases 1909.	output/verify-coda/20260815T0341Z-first-commit-cut/00-doctor.txt	reload recorded
2026-08-15T03:41Z	measure	Open intact on title ruler; Back still first-walk ~272–307ms	open-first-album 46.9ms / 32.0ms Back=true Open HX.26=false Loading=false. Back 306.6ms / 271.9ms polls=1 Open present Back gone. Earlier click-wait Open wait=Back was 420/473ms (different ruler). All releases 1909 restored. Did not hang. vs prior Back 287–316ms. n=1 AX pid=3626.	output/verify-coda/20260815T0341Z-first-commit-cut	Open ok; Back still remount AX walk
2026-08-15T03:41Z	audit	Goal not complete	~300ms is the first Collection AX tree walk after remount (~54 Open album links), not live-pane fade, not 500ms router bound, not genre-tab remount. Keep-alive out. Pin out. Overlay CSS kept. Live-pane close kept (non-blocking). Desktop RM unverified. Compositor paint unverified. interrupt wait. No ignore-gate. NowPlayingView untouched.	output/verify-coda/20260815T0341Z-first-commit-cut	open
2026-08-15T03:45Z	experiment	Cut Collection virtualizer overscan from 3 rows to 1	TanStack overscan 3 mounted ~54 Open album links on Back (viewport plus three extra rows each side). One extra row keeps scroll from blanking. firstScreenGridItemCount documents the row math. No keep-alive. No pin.	src/ResponsiveVirtualGrid.tsx DEFAULT_GRID_OVERSCAN; ResponsiveVirtualGrid.test.tsx	kept
2026-08-15T03:45Z	verify	Cmd+R pid=3626 then Open/Back twice	Vite page reload index.html at 10:45:13 PM. Doctor connected=true Loading HX.26=false Open HX.26 present All releases 1909.	output/verify-coda/20260815T0345Z-overscan-1/00-doctor.txt	reload recorded
2026-08-15T03:45Z	measure	Open intact; Open-album AX links 54→36; Back still ~poll-1	open-1 65.0ms Back=true Open HX.26=false Loading=false. Back-1 301.9ms polls=1 dump 36 Open links. open-2 23.9ms. Back-2 247.0ms polls=1 dump 36 All releases 1909 restored. vs prior Back 272–307ms and ~54 Open links. n=1 AX pid=3626.	output/verify-coda/20260815T0345Z-overscan-1	Open ok; 36 Open links; Back-1 in band
2026-08-15T03:45Z	audit	Goal not complete	Overscan was part of the 54-card AX tree. 36 links remain so remount walk is still ~250–300ms. Keep-alive out. Pin out. Desktop RM unverified. Compositor paint unverified. interrupt wait. No ignore-gate. NowPlayingView untouched.	output/verify-coda/20260815T0345Z-overscan-1	open
2026-08-15T03:48Z	experiment	aria-hidden+inert overscan rows; keep overscan DOM for scroll	TanStack range is the viewport. Rows outside it stay mounted but leave the AX tree. Focused row stays exposed. Open HX.26 is first in-view card. overscan stays 1.	src/ResponsiveVirtualGrid.tsx isOverscanVirtualRow; viewTransitions.test.ts live-pane close RM	kept
2026-08-15T03:48Z	verify	Cmd+R pid=3626 then Open/Back twice	Vite page reload index.html at 10:48:13 PM after Fast Refresh invalidate. Doctor connected=true Loading HX.26=false Open HX.26 present All releases 1909.	output/verify-coda/20260815T0348Z-overscan-aria-hidden/00-doctor.txt	reload recorded
2026-08-15T03:48Z	measure	Open intact; Open-album AX links 36→27, not yet viewport-only	open-1 56.4ms Back=true Open HX.26=false Loading=false. Back-1 278.7ms polls=1 dump 27. open-2 11.8ms. Back-2 245.3ms polls=1 dump 27 All releases 1909 restored. vs prior Back 247–302ms and 36 Open links. n=1 AX pid=3626.	output/verify-coda/20260815T0348Z-overscan-aria-hidden	Open ok; 27 Open links; Back still remount
2026-08-15T03:48Z	audit	Goal not complete	Hide worked (not 36) but AX still lists 27 Open links vs ~8–12 viewport. Collection still remounts. Desktop RM unverified. Compositor paint unverified. interrupt wait. No ignore-gate. NowPlayingView untouched. Keep-alive out. Pin out. overscan=1.	output/verify-coda/20260815T0348Z-overscan-aria-hidden	open
2026-08-15T03:53Z	experiment	Remove leftover layout animation; keep transform/opacity	RadioCard hover tray no longer transition-[width]; width snaps. Selection pills use layout="position" so layoutId moves on transform only. Did not add springs. interrupt stays wait.	RadioPresentation.tsx; ScrollableSelectionRail.tsx; ScrollableLinkSelectionRail.tsx; LibraryScreenChrome.tsx	kept
2026-08-15T03:53Z	verify	Cmd+R pid=3626 then Open/Back twice	Vite page reload index.html at 10:53:21 PM. Doctor connected=true Loading HX.26=false Open HX.26 present All releases 1909.	output/verify-coda/20260815T0353Z-layout-compositor/00-doctor.txt	reload recorded
2026-08-15T03:53Z	measure	Open intact; Back did not hang; All releases 1909 restored	open-1 51.3ms Back=true Open HX.26=false Loading=false. Back-1 254.7ms polls=1 dump 27. open-2 13.2ms. Back-2 242.7ms polls=1 dump 27 All releases 1909 restored. vs prior Back 245–279ms. n=1 AX pid=3626.	output/verify-coda/20260815T0353Z-layout-compositor	Open ok; Back still remount AX
2026-08-15T03:53Z	audit	Goal not complete	Layout CSS width leftover fixed. Pills position-only. Queue/dialogs/toasts/live-pane already compositor. Shared VT .layout() morph left (product). Desktop RM unverified. Compositor paint unverified. Collection remount AX still 27 Open links. interrupt wait. No ignore-gate. Keep-alive out. Pin out. NowPlayingView untouched.	output/verify-coda/20260815T0353Z-layout-compositor	open
2026-08-15T03:55Z	verify	Cmd+R pid=3626 then drive album Discover Daily Radio queue Now Playing	Vite page reload index.html at 10:55:26 PM. Doctor connected=true. Named-control predicates, not title-only.	output/verify-coda/20260815T0355Z-surface-audit/00-doctor.txt	reload recorded
2026-08-15T03:55Z	measure	No hangs; Discover Back 676ms sluggish vs Radio close 253ms	album 67.4/257.1. Discover landing 534.4. Daily landing 258.2. Radio 285.5 show 298/253. Queue 197.4/111. NP 180.3/423.5 Radio restored. Discover detail 345.7/675.7. All releases 1909 restored. n=1 AX pid=3626.	output/verify-coda/20260815T0355Z-surface-audit	measured; Discover Back sluggish
2026-08-15T03:58Z	experiment	Live-pane close for Discover and Daily detail Back	Index origins use HTML hidden so VT morph snapshotted a display:none grid. Same live-pane transform/opacity path as album/radio close; still resolves after commit. interrupt wait. No new springs.	src/viewTransitions.ts isVirtualizedListCloseKind; viewTransitions.test.ts	kept
2026-08-15T03:58Z	verify	Cmd+R then Discover/Daily detail Open/Back	Vite page reload index.html at 10:57:56 PM. Doctor connected=true. Daily wait name is Back to Album of the Day not Back.	output/verify-coda/20260815T0358Z-discover-daily-close/00-doctor.txt	reload recorded
2026-08-15T03:58Z	measure	Discover Back 676→337ms; Daily article 201/130ms	discover open 346.5 back 337.4 Filter restored. Daily Kiwi Jr 201.2 Back to Album of the Day; back 129.5 archive restored. Collection All releases 1909 restored. n=1 AX pid=3626.	output/verify-coda/20260815T0358Z-discover-daily-close	Discover Back improved
2026-08-15T03:58Z	audit	Goal not complete	NP Back still 423ms (NowPlayingView untouched). Cold Discover landing 534ms. Desktop RM unverified. Compositor paint unverified. Collection remount AX remains. interrupt wait. Keep-alive out. Pin out.	output/verify-coda/20260815T0358Z-discover-daily-close	open
2026-08-15T04:01Z	experiment	Live-pane close for now-playing-close; open stays animateView	No now-playing-radio-close kind. Close skips VT snapshot like other detail closes. Open still morphs compact artwork. interrupt wait. NowPlayingView untouched.	src/viewTransitions.ts isVirtualizedListCloseKind; viewTransitions.test.ts	kept
2026-08-15T04:01Z	verify	Cmd+R pid=3626 NP from Radio then album sanity	Vite page reload index.html at 11:00:57 PM. Doctor connected=true Open Now Playing present.	output/verify-coda/20260815T0401Z-np-live-pane-close/00-doctor.txt	reload recorded
2026-08-15T04:01Z	measure	NP Back 423.5→393.5ms; album open intact	np-open 184.0ms Back=true Open NP=false. np-back 393.5ms Open NP=true Radio archive restored. album 56.9ms Back=true Open HX.26=false. album-back 248.3ms All releases 1909. Did not hang. n=1 AX pid=3626.	output/verify-coda/20260815T0401Z-np-live-pane-close	NP Back slightly faster
2026-08-15T04:01Z	audit	Goal not complete	NP Back still ~394ms (Radio AX + compact artwork return). Desktop RM unverified. Compositor paint unverified. Collection remount AX remains. interrupt wait. Keep-alive out. Pin out. NowPlayingView untouched.	output/verify-coda/20260815T0401Z-np-live-pane-close	open
2026-08-15T04:02Z	audit	Every close kind already live-pane; no leftover animateView closes	album/artist/playlist/radio/discover/daily/now-playing-close all isVirtualizedListCloseKind. Opens stay animateView. page-forward/back/crossfade live pane when routerOwnedPage. No now-playing-radio-close. No JS change.	src/viewTransitions.ts isVirtualizedListCloseKind	none
2026-08-15T04:02Z	verify	Cmd+R pid=3626 album Open/Back sanity	Vite page reload index.html at 11:02:27 PM. Doctor connected=true.	output/verify-coda/20260815T0402Z-close-kind-audit/00-doctor.txt	reload recorded
2026-08-15T04:02Z	measure	Album open intact; did not hang	open 51.6ms Back=true Open HX.26=false Loading=false. Back 255.3ms Open present All releases 1909 restored. n=1 AX pid=3626.	output/verify-coda/20260815T0402Z-close-kind-audit	Open ok
2026-08-15T04:02Z	audit	Goal not complete	Desktop RM unverified. Compositor paint unverified. Collection remount AX remains. NP Back ~394ms in WIP view. interrupt wait. Keep-alive out. Pin out. NowPlayingView untouched.	output/verify-coda/20260815T0402Z-close-kind-audit	open
2026-08-15T04:07Z	diagnose	NP Back waits on Radio/Collection remount AX, not leftover VT	now-playing-close already live-pane. update() calls history.back() immediately; awaitRouterBackAfterRender waits after onRendered. Compact Open Now Playing is after the remounted archive in the AX dump. WindowTitleController is not the ruler. NowPlayingView long-timeline rAF did not run (Communitism).	src/features/navigation/useDetailNavigationController.ts; PersistentPlayerDock.tsx; NowPlayingView.tsx	open
2026-08-15T04:07Z	experiment	Keep compact player mounted and hidden while Now Playing is open	PersistentPlayerDock returned null so CoverArt remounted on Back. Hide with hidden+inert+aria-hidden; contents when visible; mode=full while hidden so PlayerTrack identity survives. Not Radio keep-alive. interrupt wait.	src/features/player/PersistentPlayerDock.tsx; PersistentPlayerDock.test.tsx	kept
2026-08-15T04:07Z	verify	Cmd+R pid=3626 NP from Radio then Collection album sanity	Vite page reload index.html at 11:07:05 PM. Doctor connected=true Open Now Playing present Loading HX.26=false.	output/verify-coda/20260815T0407Z-np-player-persist/00-doctor.txt	reload recorded
2026-08-15T04:07Z	measure	NP Back still ~399ms; album open intact; hidden dock did not leak AX	np-open 317.1ms Back=true Open NP=false. np-back 398.5ms vs 393.5ms Open NP=true Radio archive restored. collection-np-back 462.5ms All releases 1909. album 55.6ms Back=true Open HX.26=false Loading=false. album-back 277.4ms All releases 1909. Did not hang. n=1 AX pid=3626.	output/verify-coda/20260815T0407Z-np-player-persist	NP Back unchanged
2026-08-15T04:07Z	audit	Goal not complete	NP Back still Radio/Collection remount AX (~399ms Radio, ~463ms Collection). Desktop RM unverified. Compositor paint unverified. interrupt wait. Keep-alive out. Pin out. NowPlayingView untouched.	output/verify-coda/20260815T0407Z-np-player-persist	open
2026-08-15T04:10Z	verify	Desktop Reduce Motion enable/drive/restore on pid 3626	Previous: reduceMotion unset, ReduceMotionEnabled=0, NSWorkspace=false. Wrote both keys + cfprefsd; NSWorkspace=true. Cmd+R. Drove Collection All releases open-first-album. Restored: deleted reduceMotion, ReduceMotionEnabled=0, NSWorkspace=false. Cmd+R. NowPlayingView untouched.	output/verify-coda/20260815T0410Z-desktop-rm	restored
2026-08-15T04:10Z	measure	WKWebView saw reduce; Open 1.2ms vs 57.6ms motion-on	RM open 1.2ms polls=1 Back=true Open HX.26=false Loading=false title Communitism→HX.26. Did not hang. RM Back 275.2ms remount AX. After restore Open 57.6ms polls=6 Back=true Open gone Loading=false Back 270.1ms All releases 1909. n=1 AX pid=3626.	output/verify-coda/20260815T0410Z-desktop-rm	WKWebView RM seen
2026-08-15T04:10Z	experiment	Exhaustive reduced-motion skip kinds plus CSS transition-duration zero	it.each now lists every CodaViewTransitionKind. CSS test also asserts transition-duration 0.01ms so queue drawer/pills CSS are covered. Live-pane/VT pointer-events already asserted. interrupt wait.	src/viewTransitions.test.ts	kept
2026-08-15T04:10Z	audit	Goal not complete	Desktop RM proven and restored. Compositor paint unverified. Collection remount AX still ~270ms. NP Back remount AX remains. interrupt wait. Keep-alive out. Pin out. NowPlayingView untouched.	output/verify-coda/20260815T0410Z-desktop-rm	open
2026-08-15T04:15Z	verify	screencapture -l Coda Dev window 18608	could not create image from window (exit 1). No PNG. TCC Screen Recording denied; did not fight.	output/verify-coda/20260815T0415Z-compositor-paint/01-screencapture-idle.err	TCC blocker
2026-08-15T04:17Z	measure	getAnimations during album open	VT groups animated width,height,backdropFilter,transform. Title old/new opacity only. Live-pane source is transform+opacity; sample missed .library-pane.	output/verify-coda/20260815T0415Z-compositor-paint/04-compositor-audit-all.txt	layout keys on morph
2026-08-15T04:21Z	experiment	Rewrite VT group keyframes to transform-only	Bake width/height into scale via setKeyframes. After rewrite: groups transform only; title opacity only. Temp audit then removed. interrupt wait.	src/compositorViewTransition.ts; motionViewTransitions.ts	kept
2026-08-15T04:22Z	verify	Cmd+R pid=3626 Open/Back twice after log removal	Vite page reload 11:22:28 PM. Doctor connected=true Loading false.	output/verify-coda/20260815T0415Z-compositor-paint/06-doctor.txt	reload recorded
2026-08-15T04:22Z	measure	Open intact; Back remount AX unchanged	open-1 54.3ms Back=true Open HX.26=false Loading=false. back-1 255.7ms. open-2 36.1ms. back-2 244.0ms All releases 1909. Did not hang. n=1 AX pid=3626.	output/verify-coda/20260815T0415Z-compositor-paint	Open ok; Back remount
2026-08-15T04:22Z	audit	Goal not complete	Keyframe evidence after rewrite is transform/opacity. No pixel paint (TCC). Remount AX Back ~244–256ms. interrupt wait. Keep-alive out. Pin out. NowPlayingView untouched.	output/verify-coda/20260815T0415Z-compositor-paint	open
2026-08-15T04:26Z	experiment	Rewrite all animateView detail-open VT layers, not only album groups	Any ::view-transition* frame with width/height/inset/backdropFilter/filter is flattened to transform/opacity. backdropFilter dropped. TDD covers album/artist/playlist/radio/discover/daily/now-playing group names. interrupt wait.	src/compositorViewTransition.ts; compositorViewTransition.test.ts	kept
2026-08-15T04:30Z	measure	getAnimations after rewrite is transform/opacity only	album groups before: backdropFilter+width+height+transform; after: transform. artist artwork/name groups same. title/name old/new opacity. artist detail-surface already transform. Temp log removed.	output/verify-coda/20260815T0426Z-detail-open-rewrite/15-keys-summary.txt	VERIFIED keys
2026-08-15T04:31Z	verify	Cmd+R pid=3626 Open x2, artist from album, Back to Collection	Vite page reload 11:31:02 PM. Doctor connected=true Loading false. Artist target is Knxwledge.	output/verify-coda/20260815T0426Z-detail-open-rewrite/16-doctor.txt	reload recorded
2026-08-15T04:31Z	measure	Did not hang; All releases 1909 restored	open-1 48.7ms Back=true Open HX.26=false Loading=false. back-1 291.7ms. open-2 26.9ms. artist 150.4ms Opening artist=false. artist-back 194.4ms. collection-back 249.2ms Open present All releases 1909. n=1 AX pid=3626.	output/verify-coda/20260815T0426Z-detail-open-rewrite	Open/artist ok; Back remount
2026-08-15T04:31Z	audit	Goal not complete	Kinds rewritten: album/artist/playlist/radio/discover/daily/now-playing-open. Runtime keys sampled for album+artist only. No pixel TCC. Remount AX Back ~249–292ms. playlist/radio/discover/daily/NP opens TDD-only. interrupt wait. Keep-alive out. Pin out. NowPlayingView untouched.	output/verify-coda/20260815T0426Z-detail-open-rewrite	open
2026-08-15T04:41Z	verify	Triage 16 App/SavedLibrary failures; fix ours only	Href mode, NP/Discover VT counts, artist search, artwork/surprise prefetch, playlist grid measurement cache. Left shuffle fetchAlbum counts and Now Playing src WIP. NowPlayingView untouched.	output/verify-coda/20260815T0441Z-test-triage	ours fixed; WIP left
2026-08-15T04:42Z	measure	Discover open uses animateView; after-rewrite keys not captured	discover-detail-enter logged. Builder await may not reach rewrite before next nav. Album/artist keys still transform/opacity from prior run. Temp log removed.	output/verify-coda/20260815T0441Z-test-triage/04-discover-open.txt	INCONCLUSIVE keys
2026-08-15T04:43Z	verify	Cmd+R pid=3626 album Open sanity	Vite reload 11:43:30 PM. Doctor connected=true.	output/verify-coda/20260815T0441Z-test-triage/08-doctor.txt	reload recorded
2026-08-15T04:43Z	measure	Open intact; All releases 1909 restored	open 43.6ms Back=true Open HX.26=false Loading=false. Back 250.3ms Open present All releases 1909. Did not hang. n=1 AX pid=3626.	output/verify-coda/20260815T0441Z-test-triage	Open ok
2026-08-15T04:43Z	audit	Goal not complete	No pixel TCC. Remount AX Back ~250ms. Discover rewrite timing unverified. Shuffle prefetch tests still fail. interrupt wait. Keep-alive out. Pin out. NowPlayingView untouched.	output/verify-coda/20260815T0441Z-test-triage	open
2026-08-15T04:53Z	verify	Shuffle tests assert product not exact fetchAlbum counts	Contextual shuffle, wrap Next, paused Next, parallel hydration (+ tail advance, Surprise Me unavailable). Unique IDs ⊆ scope, concurrency ≤ 6, Next/wrap/Clear next. Prefetch stays. NowPlayingView untouched.
2026-08-15T04:53Z	measure	Album Open sanity; All releases restored	open 74.4ms Back=true Open HX.26=false Loading=false. Back 281.4ms Open present. All releases restored. n=1 AX pid=3626 attached.
2026-08-15T04:53Z	audit	Goal not complete	TCC pixels, remount AX, NP WIP still open. interrupt wait. Keep-alive out. Pin out. NowPlayingView untouched.
2026-08-15T05:00Z	experiment	Two-phase Collection remount: one Open card then virtualized grid	First commit after album-close rendered one real Open control; rAF+startTransition mounted the grid. TDD first-paint/later-grid passed. Not keep-alive, not pin.
2026-08-15T05:00Z	measure	Back not faster than 250–280ms; first try slower	Cmd+R pid=3626. Open 40.4ms / 25.8ms Back=true Open HX.26=false. Back 342.5ms (polls=2) and 238.3ms (polls=1). Neither <200ms. Open did not hang. All releases restored.
2026-08-15T05:01Z	experiment	REVERTED two-phase remount	Back 342.5ms worse; 238.3ms not clearly faster. Restored ReleaseResults/workspace. Deleted collectionReturnPaint. Post-revert Cmd+R 12:01:08 connected=true Open HX.26 present All releases. pid=3626 attached.
2026-08-15T05:01Z	audit	Goal not complete	AX Back still ~250–340ms (whole first tree). No pixel TCC. Remount AX open. NP WIP. interrupt wait. Keep-alive out. Pin out. NowPlayingView untouched.
2026-08-15T05:06Z	audit	Current-tree motion audit; leftover NP root snapshot suppressed	now-playing-open/close added to html view-transition-name:none. interrupt wait, live-pane close, RM skip all kinds, rewrite, 500ms bound, pointer-events none remain. No keep-alive/pin/two-phase. NowPlayingView untouched.
2026-08-15T05:06Z	measure	Album Open sanity after Cmd+R	open 66.9ms / 29.1ms Back=true Open HX.26=false. Back 268.6ms / 256.4ms Open present. All releases restored. n=1 AX pid=3626. No hang. No compositor-audit after 12:06:14 reload.
2026-08-15T05:06Z	audit	Goal not complete	TCC pixels unverified. Remount AX Back ~256–269ms. Discover rewrite timing unverified. Desktop RM unverified. interrupt wait. Keep-alive out. Pin out. Two-phase out.
2026-08-15T05:13Z	measure	Radio show open getAnimations after animateView	Kind radio-detail. Before ready-hook: group keys backdropFilter/height/transform/width. After ready+pending rewrite: transform and opacity only. Builder-await rewrite still missed. Temp log removed.
2026-08-15T05:13Z	fix	Rewrite on activeViewTransition.ready and first pending rAFs	animateView builder await was too late for one-frame Radio morphs. interrupt wait kept. NowPlayingView untouched.
2026-08-15T05:13Z	measure	Album Open sanity; Collection + All releases restored	open 37.3ms Back=true Open HX.26=false Loading=false. n=1 AX pid=3626. No sample log after 12:27:21 clean reload.
2026-08-15T05:13Z	audit	Goal not complete	TCC pixels unverified. Remount AX unverified. Discover/playlist/daily rewrite unverified. interrupt wait. Keep-alive out. Pin out. Two-phase out.
2026-08-15T05:28Z	measure	Discover and Daily getAnimations after animateView	discover-detail (EP2) and daily-detail (Kiwi Jr) keys transform/opacity only. Same ready+rAF rewrite. Playlist unverified (no AX rows). Temp log removed.
2026-08-15T05:28Z	measure	Album Open sanity; All releases restored	open 35.7ms Back=true Open HX.26=false Loading=false. n=1 AX pid=3626. No sample log after 12:31:58 clean reload.
2026-08-15T05:28Z	audit	Goal not complete	TCC pixels unverified. Remount AX unverified. Playlist rewrite unverified. interrupt wait. Keep-alive out. NowPlayingView untouched.
2026-08-15T05:32Z	measure	Playlist rewrite skipped; no playlist in this library	Playlists: Create+Refresh present, no AX rows. Favorites: albums/tracks, no Add to playlist in AX. Did not create data. No temp log.
2026-08-15T05:32Z	measure	Album Open sanity; All releases restored	open 35.6ms Back=true Open HX.26=false Loading=false. n=1 AX pid=3626.
2026-08-15T05:32Z	audit	Goal not complete	TCC pixels unverified. Remount AX unverified. Playlist rewrite unverified (empty library). interrupt wait. Keep-alive out. NowPlayingView untouched.
2026-08-15T05:36Z	measure	Now Playing open getAnimations after animateView	now-playing-open keys transform/opacity only (artwork group transform; details/header opacity). Ready+rAF rewrite. Temp log removed.
2026-08-15T05:36Z	measure	Album Open sanity; All releases restored	open 35.9ms Back=true Open HX.26=false Loading=false. n=1 AX pid=3626.
2026-08-15T05:36Z	audit	Goal not complete	TCC pixels unverified. Remount AX unverified. Playlist desktop rewrite still empty-library. interrupt wait. Keep-alive out. NowPlayingView untouched.
2026-08-15T05:38Z	verify	screencapture -l Coda Dev window 18608 after album Open	could not create image from window (exit 1). No PNG. TCC Screen Recording denied; did not retry.
2026-08-15T05:38Z	measure	Album Open on same drive; All releases restored	open 43.9ms Back=true Open HX.26=false. n=1 AX pid=3626. No second capture.
2026-08-15T05:38Z	audit	Goal not complete	TCC pixels blocked. Remount AX unverified. interrupt wait. Keep-alive out. NowPlayingView untouched.
